{"BGM": 0.0004175365344467641, "DLG": 1.7715736040609138, "PSE": 0.3469135802469136, "INL": 0.0, "MSY": 0.024985783155985677, "GEG": 0.016993649554759287, "DRT": 0.0, "SNA": 0.016745891947976738, "BUR": 0.014180047236309709, "GRB": 0.0048291233283803865, "GTF": 0.001578728707935189, "IDA": 0.00891291642314436, "GRR": 0.011740955214365405, "LWB": 0.0003661662394727206, "PVU": 0.007997630331753554, "JLN": 0.005786718104160926, "EUG": 0.00811772130113017, "PSG": 0.011363636363636364, "ATY": 0.0, "MYR": 0.008709101287032093, "PVD": 0.01272971487880823, "GSO": 0.007419484849595134, "OAK": 0.03932584269662921, "EAR": 0.009688581314878892, "FAR": 0.020723450417087494, "MSN": 0.005555231824097275, "FSM": 0.032324187953327026, "MQT": 0.0352071581404396, "COD": 0.011385199240986717, "BTM": 0.01678478179783663, "SCC": 0.014566395663956639, "ESC": 0.05382215288611544, "DCA": 0.016708104538665745, "RFD": 0.042566129522651264, "CID": 0.003367003367003367, "MLU": 0.05973173791373154, "SWO": 0.011169024571854059, "GTR": 0.03028846153846154, "PIB": 0.03665746945210879, "LWS": 0.0, "WRG": 0.007126660187884677, "LNY": 0.02519783423573511, "HLN": 0.0, "CIU": 0.27353463587921845, "IAG": 0.004023408924652524, "DDC": 0.0, "LEX": 0.005514887723810466, "RDM": 0.010243772083494165, "FLO": 0.0034266133637921186, "JMS": 0.08063354931605471, "ORF": 0.008430513681096763, "SCE": 0.0012014417300760913, "SBY": 0.020190953200813898, "EVV": 0.0047803323469155475, "KTN": 0.07412694926422139, "CWA": 0.006924715909090909, "CRW": 0.008791340230847437, "OGS": 0.009689922480620155, "VCT": 0.0, "SAV": 0.02008562513605689, "GCK": 0.005860805860805861, "TRI": 0.002012072434607646, "CDV": 0.48120300751879697, "CMH": 0.011516091982111874, "SPN": 0.0, "LBF": 0.004631278945493409, "TYR": 0.015340364333652923, "CAK": 0.00834649221745996, "CDB": 6.820833333333334, "ADK": 8.40983606557377, "CHO": 0.007589251142259738, "MOB": 0.0077872079797007615, "PNS": 0.012721719960358393, "DIK": 0.0, "LIH": 0.025081028114871486, "IAH": 0.005561545546091865, "HNL": 0.06463518676508773, "SLN": 0.0008828722778104767, "SHV": 0.01105064880703223, "ERI": 0.01882383486953135, "GST": 0.12173913043478261, "CVG": 0.01330399417987525, "SJC": 0.022879930942083068, "TOL": 0.0039001560062402497, "LGA": 0.019098313041622704, "BUF": 0.008045851528384279, "TLH": 0.03472026989035704, "CDC": 0.0, "ACT": 0.007862161257945801, "HPN": 0.026093712326198195, "RDD": 0.0, "AUS": 0.022893264264366383, "MLI": 0.006578638221888069, "GCC": 0.0, "SJU": 0.04139474174902107, "ATW": 0.0015949568981885847, "DHN": 0.0, "LGB": 0.011795109668014048, "AVL": 0.013356470526371142, "GJT": 0.003930345542878978, "LYH": 0.005263157894736842, "GFK": 0.039749273811343834, "BFL": 0.010800634165675782, "RIW": 0.046251993620414676, "CNY": 0.0, "SRQ": 0.01930698549761984, "RNO": 0.013370661214627573, "EYW": 0.03143321325139507, "SBN": 0.028834586466165414, "BJI": 0.02811107302022626, "TTN": 0.0, "JAC": 0.009791504286827747, "RST": 0.0023021354290704136, "CHS": 0.017262954909120748, "HGR": 0.21580928481806774, "RSW": 0.0068463672539710915, "TUL": 0.010489616953900494, "HRL": 0.011591148577449948, "ISP": 0.023073753605274, "AMA": 0.032637875005887065, "BOS": 0.01355355343274215, "PUW": 0.010818837505303353, "MLB": 0.024286895411326996, "MAF": 0.04297104490138481, "PQI": 0.0, "EWR": 0.019682892746108377, "LAS": 0.018705210924224887, "BIS": 0.14757228587015822, "OGD": 0.08616780045351474, "FAI": 0.009598508117595437, "JAN": 0.027446185527204865, "ITO": 0.006815065731107348, "IMT": 0.006398862424457874, "XNA": 0.017993334287525302, "HHH": 0.022821367262445724, "DLH": 0.003503918856615952, "MKK": 0.001791044776119403, "HYA": 0.01643835616438356, "DEN": 0.009850040625501245, "EWN": 0.005385996409335727, "RHI": 0.00031735956839098697, "SGU": 0.014088916718847839, "ALS": 0.0, "ALB": 0.029679361428668064, "CPR": 0.0, "GRI": 0.03680981595092025, "OME": 0.20970873786407768, "LNK": 0.0, "BOI": 0.017817219062561288, "PSP": 0.017996717211192746, "IAD": 0.006668942690491621, "SBA": 0.0047909557784441455, "LAR": 0.008181480104127928, "MEI": 0.1349232277033649, "HOB": 0.06900630914826499, "BRO": 0.006603962377426456, "DRO": 0.03335196571641513, "BRD": 0.024950495049504952, "BMI": 0.14163579367341123, "RKS": 0.011869436201780416, "SEA": 0.016340373486236216, "CMI": 0.003075467234445233, "LAN": 0.0018983162759986794, "VEL": 0.007531380753138075, "LRD": 0.003791982665222102, "PBG": 0.009521700620017715, "PSM": 0.0290955091714105, "VLD": 0.0, "HYS": 0.012861736334405145, "MCI": 0.006007434329230149, "PIR": 0.010602678571428572, "FLG": 0.0037831021437578815, "GRK": 0.003341246812626396, "CLT": 0.034495965914241686, "BNA": 0.013133998202716036, "TVC": 0.009133998222573318, "CLL": 0.004600638977635783, "CGI": 0.0, "PAE": 0.002667228188390538, "BLI": 0.018233387358184763, "PSC": 0.011142172523961661, "ORH": 0.010542168674698794, "PBI": 0.019254450961157146, "ABQ": 0.04075279314459269, "PIE": 0.00584015178465552, "SDF": 0.009071205793730507, "ART": 0.08017550857598724, "SCK": 0.2529009223445403, "LAW": 0.07879623248334482, "ACV": 0.009946859245128763, "BDL": 0.013906106290238734, "DAL": 0.03456401642800699, "MRY": 0.006295073951839629, "ITH": 0.0255664606809645, "DBQ": 0.0, "USA": 0.02605534235507978, "CLE": 0.01316150417190536, "PDX": 0.011523227746910277, "ACK": 0.02817144832353958, "MIA": 0.049070991842782775, "ILG": 0.0, "MFR": 0.006298749080206034, "TWF": 0.013278609367455336, "TPA": 0.011339065466099545, "BWI": 0.038657351059917855, "BKG": 0.0, "PRC": 0.0054869684499314125, "CMX": 0.0006510416666666666, "APN": 0.036267318663406684, "OKC": 0.022683976963650578, "ROA": 0.008516562256888998, "SMF": 0.01515166128176689, "SPI": 0.028562509754955518, "BRW": 1.5844625112917796, "OTH": 0.1608667104399212, "SFB": 0.03450855699990648, "ABI": 0.021669931439764936, "BFF": 0.0024356297842727907, "ELM": 0.01718165442704725, "MBS": 0.0, "PHX": 0.03833379316999332, "FCA": 0.0007871691429695956, "DVL": 0.0088008800880088, "ABR": 0.07350948509485095, "STL": 0.011490331214199335, "PWM": 0.007452602268539372, "ABY": 0.0072783987522745, "BET": 2.4575818303273214, "DFW": 0.01788738515954019, "ABE": 0.03244675989397679, "TXK": 0.0, "MHT": 0.005934462888105272, "GSP": 0.003989540029502481, "LSE": 0.003600960256068285, "STX": 0.08699592206615316, "FAY": 0.0024260067928190197, "HDN": 0.022979397781299524, "GUC": 0.0, "LBB": 0.012145443572721787, "EKO": 0.005374121537825548, "CRP": 0.010421534722871297, "EAT": 0.0, "EGE": 0.012128212532486284, "FSD": 0.05221908040324563, "SWF": 0.005279366476022877, "BQK": 0.003870967741935484, "CSG": 0.009264406151565685, "SUN": 0.034289713086074175, "SFO": 0.011023748450185637, "MEM": 0.01837831906956331, "SAF": 0.014164609936688485, "ELP": 0.003588166373755126, "BHM": 0.022871589840075257, "ATL": 0.02060683541641051, "FLL": 0.17792040672934972, "FNT": 0.002829550347542597, "PIH": 0.0, "YKM": 0.0019846192011907715, "AZA": 0.09378481617061914, "DEC": 0.0, "RIC": 0.018615405926667876, "AKN": 5.576851851851852, "LCK": 0.06343906510851419, "DAY": 0.0027660644512360246, "PHF": 0.018648239303294206, "OMA": 0.02526187349416278, "SJT": 0.003537917243501, "LCH": 0.01059001512859304, "STC": 0.4251207729468599, "VPS": 0.18917194064776896, "MHK": 0.003356831151393085, "BPT": 0.02225475841874085, "LIT": 0.017480778793558506, "MVY": 0.14167294649585532, "ECP": 0.00941721098357537, "CAE": 0.0022794683071514885, "ICT": 0.00903825493951142, "FAT": 0.026737398270058374, "ORD": 0.007044396605164388, "AVP": 0.005420388050508161, "LBE": 0.014588557100524277, "LBL": 0.0, "BTV": 0.006634352405968209, "IPT": 0.0, "COU": 0.02850252137689103, "MKG": 0.0, "BIL": 0.0020996373353693453, "SPS": 0.01588430535798957, "AEX": 0.006012526096033403, "SMX": 0.06256983240223464, "ILM": 0.012393007039227999, "PUB": 0.0119220703692934, "PIA": 0.021427437701708903, "GUM": 0.0, "RDU": 0.013236602559715283, "BQN": 0.15228560137004346, "MFE": 0.00670826833073323, "PGV": 0.010383965225790872,